SibSp,Survival
0,0.34539473684210525
1,0.5358851674641149
2,0.4642857142857143
3,0.25
4,0.16666666666666666
5,0
8,0
